{
    "col1": {
        "A": {
            "sensor_id": 51,
            "isp_code": 0,
            "fps": 30,
            "format": 2,
            "trigger_mode": 1,
            "fov": 120,
            "focal_length": 3.0190000534057617,
            "F": 2.0,
            "year": 23,
            "month": 5,
            "day": 10,
            "serial": 735,
            "width": 1920,
            "height": 1536,
            "model": 1,
            "fx": 1007.0147315506,
            "fy": 1007.135119111,
            "cx": 962.9787860941,
            "cy": 774.3140812253,
            "ph_k1": 0.7590926072,
            "ph_k2": 0.0577063535,
            "ph_p1": 8.82578e-05,
            "ph_p2": 2.7069e-05,
            "ph_k3": -0.0018679801,
            "ph_k4": 1.1561828375,
            "ph_k5": 0.2566901679,
            "ph_k6": -0.0021307989,
            "fe_k1": 0.0,
            "fe_k2": 0.0,
            "fe_k3": 0.0,
            "fe_k4": 0.0,
            "cm_k1": 0.0,
            "cm_k2": 0.0,
            "cm_k3": 0.0,
            "cm_p1": 2.113706745e-314,
            "cm_p2": 0.0,
            "cm_xi": 0.0,
            "sn": "H120H-F05100735",
            "sensor_id_t": "ISX031",
            "isp_code_t": "Undefined",
            "format_t": "UYVY",
            "trigger_mode_t": "Enable",
            "model_t": "pinhole",
            "focal_length_t": 3.02,
            "F_t": 2.0
        },
        "B": {
            "sensor_id": 51,
            "isp_code": 0,
            "fps": 30,
            "format": 2,
            "trigger_mode": 1,
            "fov": 120,
            "focal_length": 3.0399999618530273,
            "F": 2.0,
            "year": 8,
            "month": 1,
            "day": 8,
            "serial": 529,
            "width": 1920,
            "height": 1536,
            "model": 1,
            "fx": 1016.9658344825,
            "fy": 1017.0623973742,
            "cx": 961.7077749793,
            "cy": 769.0520787744,
            "ph_k1": 0.7035443368,
            "ph_k2": 0.0847906254,
            "ph_p1": 2.40719e-05,
            "ph_p2": 3.24218e-05,
            "ph_k3": 0.0010252233,
            "ph_k4": 1.0971019025,
            "ph_k5": 0.2669691076,
            "ph_k6": 0.0111480265,
            "fe_k1": 0.0,
            "fe_k2": 0.0,
            "fe_k3": 0.0,
            "fe_k4": 0.0,
            "cm_k1": 0.0,
            "cm_k2": 0.0,
            "cm_k3": 0.0,
            "cm_p1": 2.113706745e-314,
            "cm_p2": 0.0,
            "cm_xi": 0.0,
            "sn": "H120UA-G0108052",
            "sensor_id_t": "ISX031",
            "isp_code_t": "Undefined",
            "format_t": "UYVY",
            "trigger_mode_t": "Enable",
            "model_t": "pinhole",
            "focal_length_t": 3.04,
            "F_t": 2.0
        },
        "C": {
            "sensor_id": 51,
            "isp_code": 59,
            "fps": 30,
            "format": 2,
            "trigger_mode": 1,
            "fov": 120,
            "focal_length": 3.0190000534057617,
            "F": 2.0,
            "year": 23,
            "month": 5,
            "day": 10,
            "serial": 729,
            "width": 1920,
            "height": 1536,
            "model": 1,
            "fx": 1005.9883790963,
            "fy": 1006.1911621437,
            "cx": 995.2721929252,
            "cy": 782.4390717414,
            "ph_k1": 0.9715980242,
            "ph_k2": 0.1799045365,
            "ph_p1": 1.42857e-05,
            "ph_p2": 5.87554e-05,
            "ph_k3": 0.0035742975,
            "ph_k4": 1.3670331511,
            "ph_k5": 0.4639786455,
            "ph_k6": 0.03038179,
            "fe_k1": 1.3201028239432714e+305,
            "fe_k2": 1.3278702744486423e+305,
            "fe_k3": 1.3201028241476455e+305,
            "fe_k4": 1.3278702744486423e+305,
            "cm_k1": 1.3201028243520195e+305,
            "cm_k2": 1.3278702744486423e+305,
            "cm_k3": 1.3201028245563936e+305,
            "cm_p1": 4.28440068e-315,
            "cm_p2": 1.3201028247607676e+305,
            "cm_xi": 1.3278702744486423e+305,
            "sn": "H120H-F05100729",
            "sensor_id_t": "ISX031",
            "format_t": "UYVY",
            "trigger_mode_t": "Enable",
            "model_t": "pinhole",
            "focal_length_t": 3.02,
            "F_t": 2.0
        },
        "D": {}
    },
    "col2": {
        "A": {},
        "B": {},
        "C": {},
        "D": {}
    },
    "col3": {
        "A": {},
        "B": {},
        "C": {},
        "D": {}
    },
    "col4": {
        "A": {},
        "B": {},
        "C": {},
        "D": {}
    }
}
